{
  "version": 1,
  "author": "Felipe Silva",
  "editor": "wokwi",
  "parts": [
    { "type": "wokwi-breadboard-half", "id": "bb1", "top": -118.2, "left": -74, "attrs": {} },
    { "type": "wokwi-arduino-uno", "id": "uno", "top": 163.8, "left": -87, "attrs": {} },
    {
      "type": "wokwi-dht22",
      "id": "dht1",
      "top": -114.9,
      "left": -34.2,
      "attrs": { "temperature": "23.5", "humidity": "49" }
    },
    { "type": "wokwi-potentiometer", "id": "pot1", "top": -97.3, "left": 278.2, "attrs": {} },
    {
      "type": "wokwi-lcd1602",
      "id": "lcd1",
      "top": 160,
      "left": 437.6,
      "attrs": { "pins": "i2c" }
    },
    { "type": "wokwi-potentiometer", "id": "pot2", "top": -97.3, "left": 364.6, "attrs": {} }
  ],
  "connections": [
    [ "bb1:bp.1", "uno:5V", "red", [ "v-0.9", "h-152", "v326.4", "h259.2" ] ],
    [ "bb1:bn.1", "uno:GND.2", "black", [ "v-1.3", "h-142.4", "v307.2", "h259.2" ] ],
    [ "lcd1:GND", "bb1:bn.25", "black", [ "h-38.4", "v-76.8" ] ],
    [ "lcd1:VCC", "bb1:bp.25", "red", [ "h-19.2", "v-105.5" ] ],
    [ "lcd1:SDA", "uno:A4", "orange", [ "h-115.2", "v173", "h-28.8" ] ],
    [ "lcd1:SCL", "uno:A5", "gold", [ "h-105.6", "v153.9", "h-28.8" ] ],
    [ "dht1:GND", "bb1:bn.5", "black", [ "v0" ] ],
    [ "bb1:bp.3", "bb1:4b.g", "red", [ "v0" ] ],
    [ "pot1:VCC", "bb1:bp.25", "red", [ "v0" ] ],
    [ "pot1:GND", "bb1:bn.24", "black", [ "v0" ] ],
    [ "pot1:SIG", "uno:A0", "white", [ "v432", "h-202" ] ],
    [ "pot2:GND", "bb1:bn.25", "black", [ "v0" ] ],
    [ "pot2:VCC", "bb1:bp.25", "red", [ "v0" ] ],
    [ "pot2:SIG", "uno:A1", "green", [ "v422.4", "h-269.2" ] ],
    [ "dht1:SDA", "uno:2", "cyan", [ "v144", "h0.1" ] ],
    [ "dht1:VCC", "bb1:4b.f", "", [ "$bb" ] ],
    [ "dht1:SDA", "bb1:5b.f", "", [ "$bb" ] ],
    [ "dht1:NC", "bb1:6b.f", "", [ "$bb" ] ],
    [ "dht1:GND", "bb1:7b.f", "", [ "$bb" ] ]
  ],
  "dependencies": {}
}